sequential_site,sequential_wt,reference_site,reference_wt
1,M,1,M
2,F,2,F
3,V,3,V
4,F,4,F
5,L,5,L
6,V,6,V
7,L,7,L
8,L,8,L
9,P,9,P
10,L,10,L
11,V,11,V
12,S,12,S
13,S,13,S
14,Q,14,Q
15,C,15,C
16,V,16,V
17,N,17,N
18,L,18,L
19,T,19,T
20,T,20,T
21,R,21,R
22,T,22,T
23,Q,23,Q
24,L,24,L
25,P,25,P
26,P,26,P
27,A,27,A
28,Y,28,Y
29,T,29,T
30,N,30,N
31,S,31,S
32,F,32,F
33,T,33,T
34,R,34,R
35,G,35,G
36,V,36,V
37,Y,37,Y
38,Y,38,Y
39,P,39,P
40,D,40,D
41,K,41,K
42,V,42,V
43,F,43,F
44,R,44,R
45,S,45,S
46,S,46,S
47,V,47,V
48,L,48,L
49,H,49,H
50,S,50,S
51,T,51,T
52,Q,52,Q
53,D,53,D
54,L,54,L
55,F,55,F
56,L,56,L
57,P,57,P
58,F,58,F
59,F,59,F
60,S,60,S
61,N,61,N
62,V,62,V
63,T,63,T
64,W,64,W
65,F,65,F
66,H,66,H
67,V,67,A
68,I,68,I
69,S,71,S
70,G,72,G
71,T,73,T
72,N,74,N
73,G,75,G
74,T,76,T
75,K,77,K
76,R,78,R
77,F,79,F
78,D,80,D
79,N,81,N
80,P,82,P
81,V,83,V
82,L,84,L
83,P,85,P
84,F,86,F
85,N,87,N
86,D,88,D
87,G,89,G
88,V,90,V
89,Y,91,Y
90,F,92,F
91,A,93,A
92,S,94,S
93,I,95,T
94,E,96,E
95,K,97,K
96,S,98,S
97,N,99,N
98,I,100,I
99,I,101,I
100,R,102,R
101,G,103,G
102,W,104,W
103,I,105,I
104,F,106,F
105,G,107,G
106,T,108,T
107,T,109,T
108,L,110,L
109,D,111,D
110,S,112,S
111,K,113,K
112,T,114,T
113,Q,115,Q
114,S,116,S
115,L,117,L
116,L,118,L
117,I,119,I
118,V,120,V
119,N,121,N
120,N,122,N
121,A,123,A
122,T,124,T
123,N,125,N
124,V,126,V
125,V,127,V
126,I,128,I
127,K,129,K
128,V,130,V
129,C,131,C
130,E,132,E
131,F,133,F
132,Q,134,Q
133,F,135,F
134,C,136,C
135,N,137,N
136,D,138,D
137,P,139,P
138,F,140,F
139,L,141,L
140,D,142,G
141,H,146,H
142,K,147,K
143,N,148,N
144,N,149,N
145,K,150,K
146,S,151,S
147,W,152,W
148,M,153,M
149,E,154,E
150,S,155,S
151,E,156,E
152,F,157,F
153,R,158,R
154,V,159,V
155,Y,160,Y
156,S,161,S
157,S,162,S
158,A,163,A
159,N,164,N
160,N,165,N
161,C,166,C
162,T,167,T
163,F,168,F
164,E,169,E
165,Y,170,Y
166,V,171,V
167,S,172,S
168,Q,173,Q
169,P,174,P
170,F,175,F
171,L,176,L
172,M,177,M
173,D,178,D
174,L,179,L
175,E,180,E
176,G,181,G
177,K,182,K
178,Q,183,Q
179,G,184,G
180,N,185,N
181,F,186,F
182,K,187,K
183,N,188,N
184,L,189,L
185,R,190,R
186,E,191,E
187,F,192,F
188,V,193,V
189,F,194,F
190,K,195,K
191,N,196,N
192,I,197,I
193,D,198,D
194,G,199,G
195,Y,200,Y
196,F,201,F
197,K,202,K
198,I,203,I
199,Y,204,Y
200,S,205,S
201,K,206,K
202,H,207,H
203,T,208,T
204,P,209,P
205,I,210,I
206,I,212,L
207,V,213,V
208,R,214,R
209,E,214a,-
210,P,214b,-
211,E,214c,-
212,D,215,D
213,L,216,L
214,P,217,P
215,Q,218,Q
216,G,219,G
217,F,220,F
218,S,221,S
219,A,222,A
220,L,223,L
221,E,224,E
222,P,225,P
223,L,226,L
224,V,227,V
225,D,228,D
226,L,229,L
227,P,230,P
228,I,231,I
229,G,232,G
230,I,233,I
231,N,234,N
232,I,235,I
233,T,236,T
234,R,237,R
235,F,238,F
236,Q,239,Q
237,T,240,T
238,L,241,L
239,L,242,L
240,A,243,A
241,L,244,L
242,H,245,H
243,R,246,R
244,S,247,S
245,Y,248,Y
246,L,249,L
247,T,250,T
248,P,251,P
249,G,252,G
250,D,253,D
251,S,254,S
252,S,255,S
253,S,256,S
254,G,257,G
255,W,258,W
256,T,259,T
257,A,260,A
258,G,261,G
259,A,262,A
260,A,263,A
261,A,264,A
262,Y,265,Y
263,Y,266,Y
264,V,267,V
265,G,268,G
266,Y,269,Y
267,L,270,L
268,Q,271,Q
269,P,272,P
270,R,273,R
271,T,274,T
272,F,275,F
273,L,276,L
274,L,277,L
275,K,278,K
276,Y,279,Y
277,N,280,N
278,E,281,E
279,N,282,N
280,G,283,G
281,T,284,T
282,I,285,I
283,T,286,T
284,D,287,D
285,A,288,A
286,V,289,V
287,D,290,D
288,C,291,C
289,A,292,A
290,L,293,L
291,D,294,D
292,P,295,P
293,L,296,L
294,S,297,S
295,E,298,E
296,T,299,T
297,K,300,K
298,C,301,C
299,T,302,T
300,L,303,L
301,K,304,K
302,S,305,S
303,F,306,F
304,T,307,T
305,V,308,V
306,E,309,E
307,K,310,K
308,G,311,G
309,I,312,I
310,Y,313,Y
311,Q,314,Q
312,T,315,T
313,S,316,S
314,N,317,N
315,F,318,F
316,R,319,R
317,V,320,V
318,Q,321,Q
319,P,322,P
320,T,323,T
321,E,324,E
322,S,325,S
323,I,326,I
324,V,327,V
325,R,328,R
326,F,329,F
327,P,330,P
328,N,331,N
329,I,332,I
330,T,333,T
331,N,334,N
332,L,335,L
333,C,336,C
334,P,337,P
335,F,338,F
336,D,339,G
337,E,340,E
338,V,341,V
339,F,342,F
340,N,343,N
341,A,344,A
342,T,345,T
343,R,346,R
344,F,347,F
345,A,348,A
346,S,349,S
347,V,350,V
348,Y,351,Y
349,A,352,A
350,W,353,W
351,N,354,N
352,R,355,R
353,K,356,K
354,R,357,R
355,I,358,I
356,S,359,S
357,N,360,N
358,C,361,C
359,V,362,V
360,A,363,A
361,D,364,D
362,Y,365,Y
363,S,366,S
364,V,367,V
365,L,368,L
366,Y,369,Y
367,N,370,N
368,L,371,S
369,A,372,A
370,P,373,S
371,F,374,F
372,F,375,S
373,T,376,T
374,F,377,F
375,K,378,K
376,C,379,C
377,Y,380,Y
378,G,381,G
379,V,382,V
380,S,383,S
381,P,384,P
382,T,385,T
383,K,386,K
384,L,387,L
385,N,388,N
386,D,389,D
387,L,390,L
388,C,391,C
389,F,392,F
390,T,393,T
391,N,394,N
392,V,395,V
393,Y,396,Y
394,A,397,A
395,D,398,D
396,S,399,S
397,F,400,F
398,V,401,V
399,I,402,I
400,R,403,R
401,G,404,G
402,D,405,D
403,E,406,E
404,V,407,V
405,R,408,R
406,Q,409,Q
407,I,410,I
408,A,411,A
409,P,412,P
410,G,413,G
411,Q,414,Q
412,T,415,T
413,G,416,G
414,N,417,K
415,I,418,I
416,A,419,A
417,D,420,D
418,Y,421,Y
419,N,422,N
420,Y,423,Y
421,K,424,K
422,L,425,L
423,P,426,P
424,D,427,D
425,D,428,D
426,F,429,F
427,T,430,T
428,G,431,G
429,C,432,C
430,V,433,V
431,I,434,I
432,A,435,A
433,W,436,W
434,N,437,N
435,S,438,S
436,N,439,N
437,K,440,N
438,L,441,L
439,D,442,D
440,S,443,S
441,K,444,K
442,V,445,V
443,S,446,G
444,G,447,G
445,N,448,N
446,Y,449,Y
447,N,450,N
448,Y,451,Y
449,L,452,L
450,Y,453,Y
451,R,454,R
452,L,455,L
453,F,456,F
454,R,457,R
455,K,458,K
456,S,459,S
457,N,460,N
458,L,461,L
459,K,462,K
460,P,463,P
461,F,464,F
462,E,465,E
463,R,466,R
464,D,467,D
465,I,468,I
466,S,469,S
467,T,470,T
468,E,471,E
469,I,472,I
470,Y,473,Y
471,Q,474,Q
472,A,475,A
473,G,476,G
474,N,477,S
475,K,478,T
476,P,479,P
477,C,480,C
478,N,481,N
479,G,482,G
480,V,483,V
481,A,484,E
482,G,485,G
483,F,486,F
484,N,487,N
485,C,488,C
486,Y,489,Y
487,F,490,F
488,P,491,P
489,L,492,L
490,R,493,Q
491,S,494,S
492,Y,495,Y
493,S,496,G
494,F,497,F
495,R,498,Q
496,P,499,P
497,T,500,T
498,Y,501,N
499,G,502,G
500,V,503,V
501,G,504,G
502,H,505,Y
503,Q,506,Q
504,P,507,P
505,Y,508,Y
506,R,509,R
507,V,510,V
508,V,511,V
509,V,512,V
510,L,513,L
511,S,514,S
512,F,515,F
513,E,516,E
514,L,517,L
515,L,518,L
516,H,519,H
517,A,520,A
518,P,521,P
519,A,522,A
520,T,523,T
521,V,524,V
522,C,525,C
523,G,526,G
524,P,527,P
525,K,528,K
526,K,529,K
527,S,530,S
528,T,531,T
529,N,532,N
530,L,533,L
531,V,534,V
532,K,535,K
533,N,536,N
534,K,537,K
535,C,538,C
536,V,539,V
537,N,540,N
538,F,541,F
539,N,542,N
540,F,543,F
541,N,544,N
542,G,545,G
543,L,546,L
544,K,547,T
545,G,548,G
546,T,549,T
547,G,550,G
548,V,551,V
549,L,552,L
550,T,553,T
551,E,554,E
552,S,555,S
553,N,556,N
554,K,557,K
555,K,558,K
556,F,559,F
557,L,560,L
558,P,561,P
559,F,562,F
560,Q,563,Q
561,Q,564,Q
562,F,565,F
563,G,566,G
564,R,567,R
565,D,568,D
566,I,569,I
567,A,570,A
568,D,571,D
569,T,572,T
570,T,573,T
571,D,574,D
572,A,575,A
573,V,576,V
574,R,577,R
575,D,578,D
576,P,579,P
577,Q,580,Q
578,T,581,T
579,L,582,L
580,E,583,E
581,I,584,I
582,L,585,L
583,D,586,D
584,I,587,I
585,T,588,T
586,P,589,P
587,C,590,C
588,S,591,S
589,F,592,F
590,G,593,G
591,G,594,G
592,V,595,V
593,S,596,S
594,V,597,V
595,I,598,I
596,T,599,T
597,P,600,P
598,G,601,G
599,T,602,T
600,N,603,N
601,T,604,T
602,S,605,S
603,N,606,N
604,Q,607,Q
605,V,608,V
606,A,609,A
607,V,610,V
608,L,611,L
609,Y,612,Y
610,Q,613,Q
611,G,614,D
612,V,615,V
613,N,616,N
614,C,617,C
615,T,618,T
616,E,619,E
617,V,620,V
618,P,621,P
619,V,622,V
620,A,623,A
621,I,624,I
622,H,625,H
623,A,626,A
624,D,627,D
625,Q,628,Q
626,L,629,L
627,T,630,T
628,P,631,P
629,T,632,T
630,W,633,W
631,R,634,R
632,V,635,V
633,Y,636,Y
634,S,637,S
635,T,638,T
636,G,639,G
637,S,640,S
638,N,641,N
639,V,642,V
640,F,643,F
641,Q,644,Q
642,T,645,T
643,R,646,R
644,A,647,A
645,G,648,G
646,C,649,C
647,L,650,L
648,I,651,I
649,G,652,G
650,A,653,A
651,E,654,E
652,Y,655,H
653,V,656,V
654,N,657,N
655,N,658,N
656,S,659,S
657,Y,660,Y
658,E,661,E
659,C,662,C
660,D,663,D
661,I,664,I
662,P,665,P
663,I,666,I
664,G,667,G
665,A,668,A
666,G,669,G
667,I,670,I
668,C,671,C
669,A,672,A
670,S,673,S
671,Y,674,Y
672,Q,675,Q
673,T,676,T
674,Q,677,Q
675,T,678,T
676,K,679,N
677,S,680,S
678,H,681,P
679,R,682,R
680,R,683,R
681,A,684,A
682,R,685,R
683,S,686,S
684,V,687,V
685,A,688,A
686,S,689,S
687,Q,690,Q
688,S,691,S
689,I,692,I
690,I,693,I
691,A,694,A
692,Y,695,Y
693,T,696,T
694,M,697,M
695,S,698,S
696,L,699,L
697,G,700,G
698,A,701,A
699,E,702,E
700,N,703,N
701,S,704,S
702,V,705,V
703,A,706,A
704,Y,707,Y
705,S,708,S
706,N,709,N
707,N,710,N
708,S,711,S
709,I,712,I
710,A,713,A
711,I,714,I
712,P,715,P
713,T,716,T
714,N,717,N
715,F,718,F
716,T,719,T
717,I,720,I
718,S,721,S
719,V,722,V
720,T,723,T
721,T,724,T
722,E,725,E
723,I,726,I
724,L,727,L
725,P,728,P
726,V,729,V
727,S,730,S
728,M,731,M
729,T,732,T
730,K,733,K
731,T,734,T
732,S,735,S
733,V,736,V
734,D,737,D
735,C,738,C
736,T,739,T
737,M,740,M
738,Y,741,Y
739,I,742,I
740,C,743,C
741,G,744,G
742,D,745,D
743,S,746,S
744,T,747,T
745,E,748,E
746,C,749,C
747,S,750,S
748,N,751,N
749,L,752,L
750,L,753,L
751,L,754,L
752,Q,755,Q
753,Y,756,Y
754,G,757,G
755,S,758,S
756,F,759,F
757,C,760,C
758,T,761,T
759,Q,762,Q
760,L,763,L
761,K,764,N
762,R,765,R
763,A,766,A
764,L,767,L
765,T,768,T
766,G,769,G
767,I,770,I
768,A,771,A
769,V,772,V
770,E,773,E
771,Q,774,Q
772,D,775,D
773,K,776,K
774,N,777,N
775,T,778,T
776,Q,779,Q
777,E,780,E
778,V,781,V
779,F,782,F
780,A,783,A
781,Q,784,Q
782,V,785,V
783,K,786,K
784,Q,787,Q
785,I,788,I
786,Y,789,Y
787,K,790,K
788,T,791,T
789,P,792,P
790,P,793,P
791,I,794,I
792,K,795,K
793,Y,796,D
794,F,797,F
795,G,798,G
796,G,799,G
797,F,800,F
798,N,801,N
799,F,802,F
800,S,803,S
801,Q,804,Q
802,I,805,I
803,L,806,L
804,P,807,P
805,D,808,D
806,P,809,P
807,S,810,S
808,K,811,K
809,P,812,P
810,S,813,S
811,K,814,K
812,R,815,R
813,S,816,S
814,F,817,F
815,I,818,I
816,E,819,E
817,D,820,D
818,L,821,L
819,L,822,L
820,F,823,F
821,N,824,N
822,K,825,K
823,V,826,V
824,T,827,T
825,L,828,L
826,A,829,A
827,D,830,D
828,A,831,A
829,G,832,G
830,F,833,F
831,I,834,I
832,K,835,K
833,Q,836,Q
834,Y,837,Y
835,G,838,G
836,D,839,D
837,C,840,C
838,L,841,L
839,G,842,G
840,D,843,D
841,I,844,I
842,A,845,A
843,A,846,A
844,R,847,R
845,D,848,D
846,L,849,L
847,I,850,I
848,C,851,C
849,A,852,A
850,Q,853,Q
851,K,854,K
852,F,855,F
853,K,856,N
854,G,857,G
855,L,858,L
856,T,859,T
857,V,860,V
858,L,861,L
859,P,862,P
860,P,863,P
861,L,864,L
862,L,865,L
863,T,866,T
864,D,867,D
865,E,868,E
866,M,869,M
867,I,870,I
868,A,871,A
869,Q,872,Q
870,Y,873,Y
871,T,874,T
872,S,875,S
873,A,876,A
874,L,877,L
875,L,878,L
876,A,879,A
877,G,880,G
878,T,881,T
879,I,882,I
880,T,883,T
881,S,884,S
882,G,885,G
883,W,886,W
884,T,887,T
885,F,888,F
886,G,889,G
887,A,890,A
888,G,891,G
889,A,892,A
890,A,893,A
891,L,894,L
892,Q,895,Q
893,I,896,I
894,P,897,P
895,F,898,F
896,A,899,A
897,M,900,M
898,Q,901,Q
899,M,902,M
900,A,903,A
901,Y,904,Y
902,R,905,R
903,F,906,F
904,N,907,N
905,G,908,G
906,I,909,I
907,G,910,G
908,V,911,V
909,T,912,T
910,Q,913,Q
911,N,914,N
912,V,915,V
913,L,916,L
914,Y,917,Y
915,E,918,E
916,N,919,N
917,Q,920,Q
918,K,921,K
919,L,922,L
920,I,923,I
921,A,924,A
922,N,925,N
923,Q,926,Q
924,F,927,F
925,N,928,N
926,S,929,S
927,A,930,A
928,I,931,I
929,G,932,G
930,K,933,K
931,I,934,I
932,Q,935,Q
933,D,936,D
934,S,937,S
935,L,938,L
936,S,939,S
937,S,940,S
938,T,941,T
939,A,942,A
940,S,943,S
941,A,944,A
942,L,945,L
943,G,946,G
944,K,947,K
945,L,948,L
946,Q,949,Q
947,D,950,D
948,V,951,V
949,V,952,V
950,N,953,N
951,H,954,Q
952,N,955,N
953,A,956,A
954,Q,957,Q
955,A,958,A
956,L,959,L
957,N,960,N
958,T,961,T
959,L,962,L
960,V,963,V
961,K,964,K
962,Q,965,Q
963,L,966,L
964,S,967,S
965,S,968,S
966,K,969,N
967,F,970,F
968,G,971,G
969,A,972,A
970,I,973,I
971,S,974,S
972,S,975,S
973,V,976,V
974,L,977,L
975,N,978,N
976,D,979,D
977,I,980,I
978,F,981,L
979,S,982,S
980,R,983,R
981,L,984,L
982,D,985,D
983,K,986,K
984,V,987,V
985,E,988,E
986,A,989,A
987,E,990,E
988,V,991,V
989,Q,992,Q
990,I,993,I
991,D,994,D
992,R,995,R
993,L,996,L
994,I,997,I
995,T,998,T
996,G,999,G
997,R,1000,R
998,L,1001,L
999,Q,1002,Q
1000,S,1003,S
1001,L,1004,L
1002,Q,1005,Q
1003,T,1006,T
1004,Y,1007,Y
1005,V,1008,V
1006,T,1009,T
1007,Q,1010,Q
1008,Q,1011,Q
1009,L,1012,L
1010,I,1013,I
1011,R,1014,R
1012,A,1015,A
1013,A,1016,A
1014,E,1017,E
1015,I,1018,I
1016,R,1019,R
1017,A,1020,A
1018,S,1021,S
1019,A,1022,A
1020,N,1023,N
1021,L,1024,L
1022,A,1025,A
1023,A,1026,A
1024,T,1027,T
1025,K,1028,K
1026,M,1029,M
1027,S,1030,S
1028,E,1031,E
1029,C,1032,C
1030,V,1033,V
1031,L,1034,L
1032,G,1035,G
1033,Q,1036,Q
1034,S,1037,S
1035,K,1038,K
1036,R,1039,R
1037,V,1040,V
1038,D,1041,D
1039,F,1042,F
1040,C,1043,C
1041,G,1044,G
1042,K,1045,K
1043,G,1046,G
1044,Y,1047,Y
1045,H,1048,H
1046,L,1049,L
1047,M,1050,M
1048,S,1051,S
1049,F,1052,F
1050,P,1053,P
1051,Q,1054,Q
1052,S,1055,S
1053,A,1056,A
1054,P,1057,P
1055,H,1058,H
1056,G,1059,G
1057,V,1060,V
1058,V,1061,V
1059,F,1062,F
1060,L,1063,L
1061,H,1064,H
1062,V,1065,V
1063,T,1066,T
1064,Y,1067,Y
1065,V,1068,V
1066,P,1069,P
1067,A,1070,A
1068,Q,1071,Q
1069,E,1072,E
1070,K,1073,K
1071,N,1074,N
1072,F,1075,F
1073,T,1076,T
1074,T,1077,T
1075,A,1078,A
1076,P,1079,P
1077,A,1080,A
1078,I,1081,I
1079,C,1082,C
1080,H,1083,H
1081,D,1084,D
1082,G,1085,G
1083,K,1086,K
1084,A,1087,A
1085,H,1088,H
1086,F,1089,F
1087,P,1090,P
1088,R,1091,R
1089,E,1092,E
1090,G,1093,G
1091,V,1094,V
1092,F,1095,F
1093,V,1096,V
1094,S,1097,S
1095,N,1098,N
1096,G,1099,G
1097,T,1100,T
1098,H,1101,H
1099,W,1102,W
1100,F,1103,F
1101,V,1104,V
1102,T,1105,T
1103,Q,1106,Q
1104,R,1107,R
1105,N,1108,N
1106,F,1109,F
1107,Y,1110,Y
1108,E,1111,E
1109,P,1112,P
1110,Q,1113,Q
1111,I,1114,I
1112,I,1115,I
1113,T,1116,T
1114,T,1117,T
1115,D,1118,D
1116,N,1119,N
1117,T,1120,T
1118,F,1121,F
1119,V,1122,V
1120,S,1123,S
1121,G,1124,G
1122,N,1125,N
1123,C,1126,C
1124,D,1127,D
1125,V,1128,V
1126,V,1129,V
1127,I,1130,I
1128,G,1131,G
1129,I,1132,I
1130,V,1133,V
1131,N,1134,N
1132,N,1135,N
1133,T,1136,T
1134,V,1137,V
1135,Y,1138,Y
1136,D,1139,D
1137,P,1140,P
1138,L,1141,L
1139,Q,1142,Q
1140,P,1143,P
1141,E,1144,E
1142,L,1145,L
1143,D,1146,D
1144,S,1147,S
1145,F,1148,F
1146,K,1149,K
1147,E,1150,E
1148,E,1151,E
1149,L,1152,L
1150,D,1153,D
1151,K,1154,K
1152,Y,1155,Y
1153,F,1156,F
1154,K,1157,K
1155,N,1158,N
1156,H,1159,H
1157,T,1160,T
1158,S,1161,S
1159,P,1162,P
1160,D,1163,D
1161,V,1164,V
1162,D,1165,D
1163,L,1166,L
1164,G,1167,G
1165,D,1168,D
1166,I,1169,I
1167,S,1170,S
1168,G,1171,G
1169,I,1172,I
1170,N,1173,N
1171,A,1174,A
1172,S,1175,S
1173,V,1176,V
1174,V,1177,V
1175,N,1178,N
1176,I,1179,I
1177,Q,1180,Q
1178,K,1181,K
1179,E,1182,E
1180,I,1183,I
1181,D,1184,D
1182,R,1185,R
1183,L,1186,L
1184,N,1187,N
1185,E,1188,E
1186,V,1189,V
1187,A,1190,A
1188,K,1191,K
1189,N,1192,N
1190,L,1193,L
1191,N,1194,N
1192,E,1195,E
1193,S,1196,S
1194,L,1197,L
1195,I,1198,I
1196,D,1199,D
1197,L,1200,L
1198,Q,1201,Q
1199,E,1202,E
1200,L,1203,L
1201,G,1204,G
1202,K,1205,K
1203,Y,1206,Y
1204,E,1207,E
1205,Q,1208,Q
1206,Y,1209,Y
1207,I,1210,I
1208,K,1211,K
1209,W,1212,W
1210,P,1213,P
1211,W,1214,W
1212,Y,1215,Y
1213,I,1216,I
1214,W,1217,W
1215,L,1218,L
1216,G,1219,G
1217,F,1220,F
1218,I,1221,I
1219,A,1222,A
1220,G,1223,G
1221,L,1224,L
1222,I,1225,I
1223,A,1226,A
1224,I,1227,I
1225,V,1228,V
1226,M,1229,M
1227,V,1230,V
1228,T,1231,T
1229,I,1232,I
1230,M,1233,M
1231,L,1234,L
1232,C,1235,C
1233,C,1236,C
1234,M,1237,M
1235,T,1238,T
1236,S,1239,S
1237,C,1240,C
1238,C,1241,C
1239,S,1242,S
1240,C,1243,C
1241,L,1244,L
1242,K,1245,K
1243,G,1246,G
1244,C,1247,C
1245,C,1248,C
1246,S,1249,S
1247,C,1250,C
1248,G,1251,G
1249,S,1252,S
1250,*,1253,C
