preselection_sample,library,virus_batch,replicate,postselection_sample,preselection_library_sample,postselection_library_sample,selection_name
2021-10-28_thaw-1_VSVG_control_1,Lib-1,thaw-1,1,2021-12-14_thaw-1_no-antibody_control_1,Lib-1_2021-10-28_thaw-1_VSVG_control_1,Lib-1_2021-12-14_thaw-1_no-antibody_control_1,Lib-1_2021-10-28_thaw-1_VSVG_control_1_vs_2021-12-14_thaw-1_no-antibody_control_1
2021-10-28_thaw-1_VSVG_control_2,Lib-1,thaw-1,2,2021-12-14_thaw-1_no-antibody_control_2,Lib-1_2021-10-28_thaw-1_VSVG_control_2,Lib-1_2021-12-14_thaw-1_no-antibody_control_2,Lib-1_2021-10-28_thaw-1_VSVG_control_2_vs_2021-12-14_thaw-1_no-antibody_control_2
2021-10-28_thaw-1_VSVG_control_1,Lib-3,thaw-1,1,2021-12-14_thaw-1_no-antibody_control_1,Lib-3_2021-10-28_thaw-1_VSVG_control_1,Lib-3_2021-12-14_thaw-1_no-antibody_control_1,Lib-3_2021-10-28_thaw-1_VSVG_control_1_vs_2021-12-14_thaw-1_no-antibody_control_1
2021-10-28_thaw-1_VSVG_control_2,Lib-3,thaw-1,2,2021-12-14_thaw-1_no-antibody_control_2,Lib-3_2021-10-28_thaw-1_VSVG_control_2,Lib-3_2021-12-14_thaw-1_no-antibody_control_2,Lib-3_2021-10-28_thaw-1_VSVG_control_2_vs_2021-12-14_thaw-1_no-antibody_control_2
2021-10-28_thaw-1_VSVG_control_1,Lib-4,thaw-1,1,2021-12-14_thaw-1_no-antibody_control_1,Lib-4_2021-10-28_thaw-1_VSVG_control_1,Lib-4_2021-12-14_thaw-1_no-antibody_control_1,Lib-4_2021-10-28_thaw-1_VSVG_control_1_vs_2021-12-14_thaw-1_no-antibody_control_1
2021-10-28_thaw-1_VSVG_control_2,Lib-4,thaw-1,2,2021-12-14_thaw-1_no-antibody_control_2,Lib-4_2021-10-28_thaw-1_VSVG_control_2,Lib-4_2021-12-14_thaw-1_no-antibody_control_2,Lib-4_2021-10-28_thaw-1_VSVG_control_2_vs_2021-12-14_thaw-1_no-antibody_control_2
2021-10-28_thaw-1_VSVG_control_1,Lib-2,thaw-1,1,2021-11-28_thaw-1_no-antibody_control_1,Lib-2_2021-10-28_thaw-1_VSVG_control_1,Lib-2_2021-11-28_thaw-1_no-antibody_control_1,Lib-2_2021-10-28_thaw-1_VSVG_control_1_vs_2021-11-28_thaw-1_no-antibody_control_1
2021-10-28_thaw-1_VSVG_control_2,Lib-2,thaw-1,2,2021-11-28_thaw-1_no-antibody_control_2,Lib-2_2021-10-28_thaw-1_VSVG_control_2,Lib-2_2021-11-28_thaw-1_no-antibody_control_2,Lib-2_2021-10-28_thaw-1_VSVG_control_2_vs_2021-11-28_thaw-1_no-antibody_control_2
